{"count":1,"gauges":{"Monster Behaviour.CumulativeReward":{"count":21,"max":8.000001,"min":8.000001,"value":8.000001,"weightedAverage":8.000001}},"self":15.621623999999999,"total":15.9304963,"children":{"AgentSendState":{"count":160,"self":0.00597,"total":0.0199392,"children":{"CollectObservations":{"count":478,"self":0.0139692,"total":0.0139692,"children":null}}},"DecideAction":{"count":159,"self":0.1272531,"total":0.1272531,"children":null},"AgentAct":{"count":159,"self":0.16167979999999998,"total":0.16167979999999998,"children":null}}}